

[
 
  {
        "name": "Vehicle",
        "code": "  Vehicle insurance is insurance for cars, trucks, motorcycles, and other road vehicles. Its primary use is to provide financial protection against physical damage or bodily injury resulting from traffic collisions and against  liability that could also arise from incidents in a vehicle"
      },
      {
        "name": "Property",
        "code": " Property insurance provides protection against most risks to property, such as fire, theft and some weather damage. This includes specialized forms of insurance such as fire insurance, flood insurance, earthquake insurance, home insurance, or boiler insurance."
      },
      {
        "name": "Life",
        "code": " Life insurance is, where the insurer promises to pay a designated beneficiary a sum of money in exchange for a premium, upon the death of an insured person. Depending on the contract, other events such as terminal illness or critical illness can also trigger payment. "
      }
]
    